0x0b36f08b36502019259dbd65b1446183a89d0dd0,68458330295438618716723
0x0d07964eb0fb2e89fe211c1505a5fd8af5bf2a65,3568825609226532414903597
0x1afd2d0022979f7a9749da79241f4020dd8131ea,5236471168974927104
0x241e91015b6316b4eb09d0061ede443fe18185ec,11142082670361255933169452
0x50f91632bd0fb4d4521718e73db3c59ecee69351,7271805710774584860345
0x56f342b9cc40efb170f61bcf0356f5908b9d8127,5312302413679473188698
0x72348b377a3f77edf9bb0b180b42a58c27424111,221990641638723317387
0x8b23b0d6dc3973e59fec828b45dbe52aec2bac1a,18385262473951815722823621
0x91be9548393c718d457d879180eb7e27d274d7ac,21091208766424319063863413
0xc0f85e7d1986a490c39db228aa9b99b56cd23b16,4124180712501567849430130
0xcb6d0fdd925018b13fdfc9705cedfa70cbe91be9,14815828352350852890608336
0xcfcdf300c20f1c60cbfa7ef45ea84e1bd6516e40,10545723394958423735754556
0xd3b9826130e8640d432a50be731c2832164d8032,61674171437332088933976
0xd79efcae53ba1e6c4c5bba7f56d7158b58a8a73c,4401534472406665328315
0xf1af207e56235b347987899357b576e3c36e34f5,130159177177854913013807